input_set,population,bits,generations,mutation_rate,seed,threads,sequential_median_seconds,parallel_one_thread_median_seconds,parallel_median_seconds,scaling_speedup,scaling_efficiency,baseline_speedup,sequential_samples,parallel_samples
pequeno,1000,1000,100,0.001,42,1,0.463673000,0.447999500,0.447999500,1.000000,1.000000,1.034986,10,10
pequeno,1000,1000,100,0.001,42,2,0.463673000,0.447999500,0.230314500,1.945164,0.972582,2.013217,10,10
pequeno,1000,1000,100,0.001,42,4,0.463673000,0.447999500,0.129175000,3.468159,0.867040,3.589495,10,10
pequeno,1000,1000,100,0.001,42,8,0.463673000,0.447999500,0.069422500,6.453232,0.806654,6.679002,10,10
pequeno,1000,1000,100,0.001,42,16,0.463673000,0.447999500,0.040197500,11.144959,0.696560,11.534872,10,10
pequeno,1000,1000,100,0.001,42,32,0.463673000,0.447999500,0.032610500,13.737891,0.429309,14.218519,10,10
pequeno,1000,1000,100,0.001,42,40,0.463673000,0.447999500,0.028592500,15.668427,0.391711,16.216595,10,10
medio,2000,2000,100,0.0005,42,1,1.791319500,1.779082500,1.779082500,1.000000,1.000000,1.006878,10,10
medio,2000,2000,100,0.0005,42,2,1.791319500,1.779082500,0.902980500,1.970234,0.985117,1.983785,10,10
medio,2000,2000,100,0.0005,42,4,1.791319500,1.779082500,0.509782500,3.489885,0.872471,3.513890,10,10
medio,2000,2000,100,0.0005,42,8,1.791319500,1.779082500,0.271790500,6.545786,0.818223,6.590810,10,10
medio,2000,2000,100,0.0005,42,16,1.791319500,1.779082500,0.148605500,11.971848,0.748241,12.054194,10,10
medio,2000,2000,100,0.0005,42,32,1.791319500,1.779082500,0.116418000,15.281851,0.477558,15.386963,10,10
medio,2000,2000,100,0.0005,42,40,1.791319500,1.779082500,0.099093000,17.953665,0.448842,18.077155,10,10
grande,4000,2000,100,0.0005,42,1,3.569120500,3.556776000,3.556776000,1.000000,1.000000,1.003471,10,10
grande,4000,2000,100,0.0005,42,2,3.569120500,3.556776000,1.808804500,1.966368,0.983184,1.973193,10,10
grande,4000,2000,100,0.0005,42,4,3.569120500,3.556776000,1.014804500,3.504888,0.876222,3.517052,10,10
grande,4000,2000,100,0.0005,42,8,3.569120500,3.556776000,0.541892500,6.563619,0.820452,6.586400,10,10
grande,4000,2000,100,0.0005,42,16,3.569120500,3.556776000,0.293829500,12.104898,0.756556,12.146910,10,10
grande,4000,2000,100,0.0005,42,32,3.569120500,3.556776000,0.227307500,15.647420,0.488982,15.701728,10,10
grande,4000,2000,100,0.0005,42,40,3.569120500,3.556776000,0.191392500,18.583675,0.464592,18.648173,10,10
